{
  "AWSTemplateFormatVersion": "2010-09-09",
  "Parameters": {},
  "Mappings": {},
  "Resources": {
    "TaskSchedule": {
      "Type": "AWS::Events::Rule",
      "Properties": {
        "Description": "trigger the scheduled_validatedata-app every 1 hour",
        "Name": "trigger_scheduled_validatedata-app",
        "ScheduleExpression": "cron(30 16 * * ? *)",
        "State": "ENABLED",
        "Targets": [
          {
            "Id": "trigger_scheduled_validatedata-app",
            "RoleArn": "arn:aws:iam::814451279099:role/atsecstasktriggerlambdarole",
            "EcsParameters": {
              "TaskDefinitionArn": "arn:aws:ecs:us-east-1:814451279099:task-definition/ATSECSTaskDefinition-ecs-scheduled_validatedata-app:3",
              "TaskCount": 1
            },
            "Arn": "arn:aws:ecs:us-east-1:814451279099:cluster/ATSECSCluster-Dev"
          }
        ]
      }
    }
  },
  "Outputs": {}
}