{
  "AWSTemplateFormatVersion": "2010-09-09",
  "Parameters": {},
  "Mappings": {},
  "Resources": {
    "ECSCluster": {
      "Type": "AWS::ECS::Cluster",
      "Properties": {
        "ClusterName": "ATSECSCluster-Dev"
      }
    },
    "CloudwatchLogsGroup": {
      "Type": "AWS::Logs::LogGroup",
      "Properties": {
        "LogGroupName": {
          "Fn::Join": [
            "-",
            [
              "ECSLogGroup",
              {
                "Ref": "AWS::StackName"
              }
            ]
          ]
        },
        "RetentionInDays": 14
      }
    },    
    "taskdefinitionvalidaterowcolumncount": {
      "Type": "AWS::ECS::TaskDefinition",
      "Properties": {
        "Family": {
          "Fn::Join": [
            "",
            [
              {
                "Ref": "AWS::StackName"
              },
              "-ecs-validaterowcolumncount-app"
            ]
          ]
        },
        "ExecutionRoleArn": {
          "Fn::GetAtt": [
            "TaskExecutionRole",
            "Arn"
          ]
        },
        "TaskRoleArn": {
          "Fn::GetAtt": [
            "TaskRole",
            "Arn"
          ]
        },
        "RequiresCompatibilities": [
          "FARGATE"
        ],
        "NetworkMode": "awsvpc",
        "Memory": "8192",
        "Cpu": "1024",
        "ContainerDefinitions": [
          {
            "Name": "validaterowcolumncount-app",
            "Cpu": "1",
            "Essential": "true",
            "Image": "814451279099.dkr.ecr.us-east-1.amazonaws.com/ats/validaterowcolumncount:latest",
            "Memory": "8192",
            "LogConfiguration": {
              "LogDriver": "awslogs",
              "Options": {
                "awslogs-group": {
                  "Ref": "CloudwatchLogsGroup"
                },
                "awslogs-region": {
                  "Ref": "AWS::Region"
                },
                "awslogs-stream-prefix": "ecs-validaterowcolumncount-app"
              }
            },
            "PortMappings": [
              {
                "ContainerPort": 22
              }
            ]
          }
        ]
      }
    },
    "taskdefinitionvalidatedata": {
      "Type": "AWS::ECS::TaskDefinition",
      "Properties": {
        "Family": {
          "Fn::Join": [
            "",
            [
              {
                "Ref": "AWS::StackName"
              },
              "-ecs-validatedata-app"
            ]
          ]
        },
        "ExecutionRoleArn": {
          "Fn::GetAtt": [
            "TaskExecutionRole",
            "Arn"
          ]
        },
        "TaskRoleArn": {
          "Fn::GetAtt": [
            "TaskRole",
            "Arn"
          ]
        },
        "RequiresCompatibilities": [
          "FARGATE"
        ],
        "NetworkMode": "awsvpc",
        "Memory": "30720",
        "Cpu": "4096",
        "ContainerDefinitions": [
          {
            "Name": "validatedata-app",
            "Cpu": "1",
            "Essential": "true",
            "Image": "814451279099.dkr.ecr.us-east-1.amazonaws.com/ats/validatedata:latest",
            "Memory": "30720",
            "LogConfiguration": {
              "LogDriver": "awslogs",
              "Options": {
                "awslogs-group": {
                  "Ref": "CloudwatchLogsGroup"
                },
                "awslogs-region": {
                  "Ref": "AWS::Region"
                },
                "awslogs-stream-prefix": "ecs-validatedata-app"
              }
            },
            "PortMappings": [
              {
                "ContainerPort": 22
              }
            ]
          }
        ]
      }
    },
    "taskdefinitionvalidates3objects": {
      "Type": "AWS::ECS::TaskDefinition",
      "Properties": {
        "Family": {
          "Fn::Join": [
            "",
            [
              {
                "Ref": "AWS::StackName"
              },
              "-ecs-validates3objects-app"
            ]
          ]
        },
        "ExecutionRoleArn": {
          "Fn::GetAtt": [
            "TaskExecutionRole",
            "Arn"
          ]
        },
        "TaskRoleArn": {
          "Fn::GetAtt": [
            "TaskRole",
            "Arn"
          ]
        },
        "RequiresCompatibilities": [
          "FARGATE"
        ],
        "NetworkMode": "awsvpc",
        "Memory": "512",
        "Cpu": "256",
        "ContainerDefinitions": [
          {
            "Name": "validates3objects-app",
            "Cpu": "1",
            "Essential": "true",
            "Image": "814451279099.dkr.ecr.us-east-1.amazonaws.com/ats/validates3objects:latest",
            "Memory": "512",
            "LogConfiguration": {
              "LogDriver": "awslogs",
              "Options": {
                "awslogs-group": {
                  "Ref": "CloudwatchLogsGroup"
                },
                "awslogs-region": {
                  "Ref": "AWS::Region"
                },
                "awslogs-stream-prefix": "ecs-validates3objects-app"
              }
            },
            "PortMappings": [
              {
                "ContainerPort": 22
              }
            ]
          }
        ]
      }
    },
    "TaskExecutionRole": {
      "Type": "AWS::IAM::Role",
      "Properties": {
        "Path": "/",
        "AssumeRolePolicyDocument": {
          "Version": "2012-10-17",
          "Statement": [
            {
              "Effect": "Allow",
              "Principal": {
                "Service": "ecs-tasks.amazonaws.com"
              },
              "Action": "sts:AssumeRole"
            }
          ]
        },
        "ManagedPolicyArns": [
          "arn:aws:iam::aws:policy/service-role/AmazonECSTaskExecutionRolePolicy"
        ]
      }
    },
    "TaskRole": {
      "Type": "AWS::IAM::Role",
      "Properties": {
        "Path": "/",
        "AssumeRolePolicyDocument": {
          "Version": "2012-10-17",
          "Statement": [
            {
              "Effect": "Allow",
              "Principal": {
                "Service": "ecs-tasks.amazonaws.com"
              },
              "Action": "sts:AssumeRole"
            }
          ]
        },
        "Policies": [
          {
            "PolicyName": "default-s3-bucket",
            "PolicyDocument": {
              "Version": "2012-10-17",
              "Statement": [
                {
                  "Effect": "Allow",
                  "Action": [
                    "s3:*",
                    "ecr:*",
                    "logs:*",
                    "sns:*"
                  ],
                  "Resource": "*"
                }
              ]
            }
          }
        ]
      }
    }
  },
  "Outputs": {
    "ecscluster": {
      "Value": {
        "Ref": "ECSCluster"
      }
    },    
    "taskdefinitionvalidaterowcolumncount": {
      "Value": {
        "Ref": "taskdefinitionvalidaterowcolumncount"
      }
    },
    "taskdefinitionvalidatedata": {
      "Value": {
        "Ref": "taskdefinitionvalidatedata"
      }
    },
    "taskdefinitionvalidates3objects": {
      "Value": {
        "Ref": "taskdefinitionvalidates3objects"
      }
    }
  }
}